Entity,Code,Year,Population (historical estimates)
Afghanistan,AFG,1985,11938204
Afghanistan,AFG,1986,11736177
Afghanistan,AFG,1987,11604538
Afghanistan,AFG,1988,11618008
Afghanistan,AFG,1989,11868873
Afghanistan,AFG,1990,12412311
Africa,,1985,548626140
Africa,,1986,564327298
Africa,,1987,580424290
Africa,,1988,596849006
Africa,,1989,613512108
Africa,,1990,630349685
Africa Eastern and Southern,,1990,
Africa Western and Central,,1990,
Albania,ALB,1990,3286070
Albania,ALB,1985,2969671
Albania,ALB,1986,3044201
Albania,ALB,1987,3124892
Albania,ALB,1988,3200972
Albania,ALB,1989,3257913
Algeria,DZA,1990,25758872
Algeria,DZA,1985,22431507
Algeria,DZA,1986,23102386
Algeria,DZA,1987,23774287
Algeria,DZA,1988,24443472
Algeria,DZA,1989,25106192
American Samoa,ASM,1985,39521
American Samoa,ASM,1986,41114
American Samoa,ASM,1987,42741
American Samoa,ASM,1988,44346
American Samoa,ASM,1989,45894
American Samoa,ASM,1990,47351
Andorra,AND,1985,44593
Andorra,AND,1986,46520
Andorra,AND,1987,48459
Andorra,AND,1988,50433
Andorra,AND,1989,52452
Andorra,AND,1990,54508
Angola,AGO,1990,11848385
Angola,AGO,1985,9961993
Angola,AGO,1986,10320116
Angola,AGO,1987,10689247
Angola,AGO,1988,11068051
Angola,AGO,1989,11454784
Anguilla,AIA,1985,7292
Anguilla,AIA,1986,7512
Anguilla,AIA,1987,7842
Anguilla,AIA,1988,8222
Anguilla,AIA,1989,8582
Anguilla,AIA,1990,8894
Antigua and Barbuda,ATG,1990,62533
Antigua and Barbuda,ATG,1985,61785
Antigua and Barbuda,ATG,1986,61754
Antigua and Barbuda,ATG,1987,61713
Antigua and Barbuda,ATG,1988,61758
Antigua and Barbuda,ATG,1989,62007
Arab World,,1990,
Argentina,ARG,1990,32618648
Argentina,ARG,1985,30216284
Argentina,ARG,1986,30698964
Argentina,ARG,1987,31184411
Argentina,ARG,1988,31668939
Argentina,ARG,1989,32148137
Armenia,ARM,1990,3538164
Armenia,ARM,1985,3335935
Armenia,ARM,1986,3392264
Armenia,ARM,1987,3451947
Armenia,ARM,1988,3504667
Armenia,ARM,1989,3536473
Aruba,ABW,1990,62152
Aruba,ABW,1985,63024
Aruba,ABW,1986,62645
Aruba,ABW,1987,61838
Aruba,ABW,1988,61072
Aruba,ABW,1989,61033
Asia,,1985,2920469516
Asia,,1986,2980351672
Asia,,1987,3042082600
Asia,,1988,3104483761
Asia,,1989,3165954875
Asia,,1990,3225332306
Australia,AUS,1990,16960600
Australia,AUS,1985,15663672
Australia,AUS,1986,15917580
Australia,AUS,1987,16183159
Australia,AUS,1988,16452258
Australia,AUS,1989,16713989
Austria,AUT,1990,7723954
Austria,AUT,1985,7614874
Austria,AUT,1986,7625395
Austria,AUT,1987,7639351
Austria,AUT,1988,7658856
Austria,AUT,1989,7686564
Azerbaijan,AZE,1990,7242758
Azerbaijan,AZE,1985,6666447
Azerbaijan,AZE,1986,6778631
Azerbaijan,AZE,1987,6893486
Azerbaijan,AZE,1988,7010027
Azerbaijan,AZE,1989,7126877
Bahamas,BHS,1990,256226
Bahamas,BHS,1985,234579
Bahamas,BHS,1986,239020
Bahamas,BHS,1987,243265
Bahamas,BHS,1988,247451
Bahamas,BHS,1989,251738
Bahrain,BHR,1990,495927
Bahrain,BHR,1985,419428
Bahrain,BHR,1986,433478
Bahrain,BHR,1987,448981
Bahrain,BHR,1988,465198
Bahrain,BHR,1989,481081
Bangladesh,BGD,1990,103171957
Bangladesh,BGD,1985,90764180
Bangladesh,BGD,1986,93187593
Bangladesh,BGD,1987,95671159
Bangladesh,BGD,1988,98186350
Bangladesh,BGD,1989,100695496
Barbados,BRB,1990,260933
Barbados,BRB,1985,256260
Barbados,BRB,1986,257117
Barbados,BRB,1987,258012
Barbados,BRB,1988,258970
Barbados,BRB,1989,259961
Belarus,BLR,1990,10151135
Belarus,BLR,1985,9901493
Belarus,BLR,1986,9965178
Belarus,BLR,1987,10026470
Belarus,BLR,1988,10081209
Belarus,BLR,1989,10124000
Belgium,BEL,1990,10006545
Belgium,BEL,1985,9916577
Belgium,BEL,1986,9928539
Belgium,BEL,1987,9942281
Belgium,BEL,1988,9959011
Belgium,BEL,1989,9980175
Belize,BLZ,1990,187554
Belize,BLZ,1985,164918
Belize,BLZ,1986,169569
Belize,BLZ,1987,174333
Belize,BLZ,1988,179023
Belize,BLZ,1989,183471
Benin,BEN,1990,4978489
Benin,BEN,1985,4278502
Benin,BEN,1986,4404504
Benin,BEN,1987,4535262
Benin,BEN,1988,4672844
Benin,BEN,1989,4820020
Bermuda,BMU,1990,61630
Bermuda,BMU,1985,59594
Bermuda,BMU,1986,60011
Bermuda,BMU,1987,60422
Bermuda,BMU,1988,60839
Bermuda,BMU,1989,61243
Bhutan,BTN,1990,530801
Bhutan,BTN,1985,464264
Bhutan,BTN,1986,478683
Bhutan,BTN,1987,494313
Bhutan,BTN,1988,509532
Bhutan,BTN,1989,522173
Bolivia,BOL,1990,6864839
Bolivia,BOL,1985,6179460
Bolivia,BOL,1986,6309129
Bolivia,BOL,1987,6442824
Bolivia,BOL,1988,6580318
Bolivia,BOL,1989,6721117
Bonaire Sint Eustatius and Saba,BES,1985,12024
Bonaire Sint Eustatius and Saba,BES,1986,12185
Bonaire Sint Eustatius and Saba,BES,1987,12332
Bonaire Sint Eustatius and Saba,BES,1988,12485
Bonaire Sint Eustatius and Saba,BES,1989,12709
Bonaire Sint Eustatius and Saba,BES,1990,13010
Bosnia and Herzegovina,BIH,1985,4392135
Bosnia and Herzegovina,BIH,1986,4435925
Bosnia and Herzegovina,BIH,1987,4479516
Bosnia and Herzegovina,BIH,1988,4509462
Bosnia and Herzegovina,BIH,1989,4507819
Bosnia and Herzegovina,BIH,1990,4463422
Botswana,BWA,1990,1286756
Botswana,BWA,1985,1069585
Botswana,BWA,1986,1110948
Botswana,BWA,1987,1154904
Botswana,BWA,1988,1200073
Botswana,BWA,1989,1244484
Brazil,BRA,1990,149003225
Brazil,BRA,1985,135274083
Brazil,BRA,1986,138108915
Brazil,BRA,1987,140891606
Brazil,BRA,1988,143627505
Brazil,BRA,1989,146328305
British Virgin Islands,VGB,1985,13951
British Virgin Islands,VGB,1986,14646
British Virgin Islands,VGB,1987,15390
British Virgin Islands,VGB,1988,16155
British Virgin Islands,VGB,1989,16867
British Virgin Islands,VGB,1990,17489
Brunei,BRN,1990,258714
Brunei,BRN,1985,224440
Brunei,BRN,1986,230917
Brunei,BRN,1987,237565
Brunei,BRN,1988,244405
Brunei,BRN,1989,251456
Bulgaria,BGR,1990,8841466
Bulgaria,BGR,1985,8975353
Bulgaria,BGR,1986,8972555
Bulgaria,BGR,1987,8960554
Bulgaria,BGR,1988,8936652
Bulgaria,BGR,1989,8897541
Burkina Faso,BFA,1990,8811033
Burkina Faso,BFA,1985,7727908
Burkina Faso,BFA,1986,7930689
Burkina Faso,BFA,1987,8140080
Burkina Faso,BFA,1988,8356313
Burkina Faso,BFA,1989,8579818
Burundi,BDI,1990,5438959
Burundi,BDI,1985,4750832
Burundi,BDI,1986,4886745
Burundi,BDI,1987,5027143
Burundi,BDI,1988,5168703
Burundi,BDI,1989,5307069
Cambodia,KHM,1985,7714894
Cambodia,KHM,1986,7960952
Cambodia,KHM,1987,8198082
Cambodia,KHM,1988,8435909
Cambodia,KHM,1989,8691331
Cambodia,KHM,1990,8975597
Cameroon,CMR,1990,11780086
Cameroon,CMR,1985,10070806
Cameroon,CMR,1986,10395481
Cameroon,CMR,1987,10731058
Cameroon,CMR,1988,11075423
Cameroon,CMR,1989,11425807
Canada,CAN,1985,25744807
Canada,CAN,1986,26075504
Canada,CAN,1987,26432894
Canada,CAN,1988,26806125
Canada,CAN,1989,27179497
Canada,CAN,1990,27541323
Cape Verde,CPV,1990,337953
Cape Verde,CPV,1985,311668
Cape Verde,CPV,1986,316613
Cape Verde,CPV,1987,321137
Cape Verde,CPV,1988,325744
Cape Verde,CPV,1989,331180
Caribbean Small States,,1990,
Cayman Islands,CYM,1985,19460
Cayman Islands,CYM,1986,20426
Cayman Islands,CYM,1987,21539
Cayman Islands,CYM,1988,22775
Cayman Islands,CYM,1989,24028
Cayman Islands,CYM,1990,25307
Central African Republic,CAF,1990,2806740
Central African Republic,CAF,1985,2542170
Central African Republic,CAF,1986,2597765
Central African Republic,CAF,1987,2646836
Central African Republic,CAF,1988,2693974
Central African Republic,CAF,1989,2745735
Central Europe and the Baltics,,1990,
Chad,TCD,1990,5963250
Chad,TCD,1985,5095400
Chad,TCD,1986,5247281
Chad,TCD,1987,5412844
Chad,TCD,1988,5589624
Chad,TCD,1989,5773930
Channel Islands,OWID_CIS,1985,133800
Channel Islands,OWID_CIS,1986,135242
Channel Islands,OWID_CIS,1987,136762
Channel Islands,OWID_CIS,1988,138250
Channel Islands,OWID_CIS,1989,139580
Channel Islands,OWID_CIS,1990,140677
Chile,CHL,1990,13274617
Chile,CHL,1985,12257238
Chile,CHL,1986,12445833
Chile,CHL,1987,12642917
Chile,CHL,1988,12847712
Chile,CHL,1989,13058758
China,CHN,1990,1176883681
China,CHN,1985,1075589363
China,CHN,1986,1095014106
China,CHN,1987,1116095475
China,CHN,1988,1137724234
China,CHN,1989,1158357393
Colombia,COL,1990,33102569
Colombia,COL,1985,29951194
Colombia,COL,1986,30572479
Colombia,COL,1987,31195417
Colombia,COL,1988,31822527
Colombia,COL,1989,32457497
Comoros,COM,1990,411598
Comoros,COM,1985,355337
Comoros,COM,1986,365765
Comoros,COM,1987,376647
Comoros,COM,1988,387964
Comoros,COM,1989,399638
Congo,COG,1990,2356740
Congo,COG,1985,2054308
Congo,COG,1986,2112359
Congo,COG,1987,2171319
Congo,COG,1988,2231462
Congo,COG,1989,2293161
Cook Islands,COK,1985,17592
Cook Islands,COK,1986,17702
Cook Islands,COK,1987,17794
Cook Islands,COK,1988,17898
Cook Islands,COK,1989,18026
Cook Islands,COK,1990,18195
Costa Rica,CRI,1990,3119436
Costa Rica,CRI,1985,2736719
Costa Rica,CRI,1986,2810245
Costa Rica,CRI,1987,2884856
Costa Rica,CRI,1988,2960932
Costa Rica,CRI,1989,3039015
Cote d'Ivoire,CIV,1990,11924873
Cote d'Ivoire,CIV,1985,9918204
Cote d'Ivoire,CIV,1986,10307268
Cote d'Ivoire,CIV,1987,10698188
Cote d'Ivoire,CIV,1988,11094740
Cote d'Ivoire,CIV,1989,11502453
Croatia,HRV,1985,4716123
Croatia,HRV,1986,4737954
Croatia,HRV,1987,4758154
Croatia,HRV,1988,4773684
Croatia,HRV,1989,4780629
Croatia,HRV,1990,4776370
Cuba,CUB,1985,10097910
Cuba,CUB,1986,10183894
Cuba,CUB,1987,10286645
Cuba,CUB,1988,10397519
Cuba,CUB,1989,10503967
Cuba,CUB,1990,10596986
Curacao,CUW,1985,150375
Curacao,CUW,1986,150065
Curacao,CUW,1987,149328
Curacao,CUW,1988,148353
Curacao,CUW,1989,147415
Curacao,CUW,1990,146679
Cyprus,CYP,1990,766616
Cyprus,CYP,1985,703694
Cyprus,CYP,1986,712335
Cyprus,CYP,1987,723384
Cyprus,CYP,1988,736476
Cyprus,CYP,1989,751043
Czechia,CZE,1990,10340877
Czechia,CZE,1985,10331144
Czechia,CZE,1986,10327290
Czechia,CZE,1987,10327472
Czechia,CZE,1988,10330925
Czechia,CZE,1989,10335875
Democratic Republic of Congo,COD,1990,34612023
Democratic Republic of Congo,COD,1985,29881222
Democratic Republic of Congo,COD,1986,30683877
Democratic Republic of Congo,COD,1987,31528702
Democratic Republic of Congo,COD,1988,32443784
Democratic Republic of Congo,COD,1989,33464767
Denmark,DNK,1990,5141117
Denmark,DNK,1985,5114250
Denmark,DNK,1986,5114645
Denmark,DNK,1987,5117282
Denmark,DNK,1988,5122442
Denmark,DNK,1989,5130362
Djibouti,DJI,1985,425608
Djibouti,DJI,1986,454359
Djibouti,DJI,1987,490337
Djibouti,DJI,1988,528993
Djibouti,DJI,1989,563855
Djibouti,DJI,1990,590393
Dominica,DMA,1990,70422
Dominica,DMA,1985,73207
Dominica,DMA,1986,72531
Dominica,DMA,1987,71842
Dominica,DMA,1988,71212
Dominica,DMA,1989,70722
Dominican Republic,DOM,1990,7133491
Dominican Republic,DOM,1985,6464229
Dominican Republic,DOM,1986,6596967
Dominican Republic,DOM,1987,6729930
Dominican Republic,DOM,1988,6863438
Dominican Republic,DOM,1989,6997877
Early-demographic dividend,,1990,
East Asia & Pacific,,1990,
East Asia & Pacific (IDA & IBRD),,1990,
East Asia & Pacific (excluding high income),,1990,
Ecuador,ECU,1990,10230931
Ecuador,ECU,1985,9066100
Ecuador,ECU,1986,9292481
Ecuador,ECU,1987,9522362
Ecuador,ECU,1988,9755576
Ecuador,ECU,1989,9991870
Egypt,EGY,1990,56134478
Egypt,EGY,1985,49258726
Egypt,EGY,1986,50602360
Egypt,EGY,1987,51991696
Egypt,EGY,1988,53399243
Egypt,EGY,1989,54788680
El Salvador,SLV,1990,5270074
El Salvador,SLV,1985,4936803
El Salvador,SLV,1986,5002339
El Salvador,SLV,1987,5067531
El Salvador,SLV,1988,5133273
El Salvador,SLV,1989,5200608
Equatorial Guinea,GNQ,1990,419188
Equatorial Guinea,GNQ,1985,352116
Equatorial Guinea,GNQ,1986,369024
Equatorial Guinea,GNQ,1987,382977
Equatorial Guinea,GNQ,1988,394973
Equatorial Guinea,GNQ,1989,406620
Eritrea,ERI,1985,2003942
Eritrea,ERI,1986,2064803
Eritrea,ERI,1987,2127421
Eritrea,ERI,1988,2185607
Eritrea,ERI,1989,2231144
Eritrea,ERI,1990,2258649
Estonia,EST,1985,1522405
Estonia,EST,1986,1536034
Estonia,EST,1987,1551209
Estonia,EST,1988,1564200
Estonia,EST,1989,1569967
Estonia,EST,1990,1565246
Eswatini,SWZ,1990,822423
Eswatini,SWZ,1985,699077
Eswatini,SWZ,1986,723599
Eswatini,SWZ,1987,748634
Eswatini,SWZ,1988,773774
Eswatini,SWZ,1989,798498
Ethiopia,ETH,1990,47887864
Ethiopia,ETH,1985,40652146
Ethiopia,ETH,1986,41965696
Ethiopia,ETH,1987,43329238
Ethiopia,ETH,1988,44757205
Ethiopia,ETH,1989,46272308
Euro area,,1990,
Europe,,1985,708287880
Europe,,1986,711134461
Europe,,1987,714002661
Europe,,1988,716793138
Europe,,1989,719368319
Europe,,1990,721627205
Europe & Central Asia,,1990,
Europe & Central Asia (IDA & IBRD),,1990,
Europe & Central Asia (excluding high income),,1990,
European Union,,1990,
Faeroe Islands,FRO,1985,45328
Faeroe Islands,FRO,1986,45812
Faeroe Islands,FRO,1987,46340
Faeroe Islands,FRO,1988,46833
Faeroe Islands,FRO,1989,47159
Faeroe Islands,FRO,1990,47276
Falkland Islands,FLK,1985,1841
Falkland Islands,FLK,1986,1853
Falkland Islands,FLK,1987,1866
Falkland Islands,FLK,1988,1885
Falkland Islands,FLK,1989,1925
Falkland Islands,FLK,1990,1980
Fiji,FJI,1990,728575
Fiji,FJI,1985,711770
Fiji,FJI,1986,718642
Fiji,FJI,1987,721776
Fiji,FJI,1988,722924
Fiji,FJI,1989,724602
Finland,FIN,1990,4996220
Finland,FIN,1985,4911220
Finland,FIN,1986,4930342
Finland,FIN,1987,4946368
Finland,FIN,1988,4961097
Finland,FIN,1989,4977118
France,FRA,1990,56666861
France,FRA,1985,55254838
France,FRA,1986,55545271
France,FRA,1987,55837622
France,FRA,1988,56126337
France,FRA,1989,56404303
French Guiana,GUF,1985,86435
French Guiana,GUF,1986,91950
French Guiana,GUF,1987,97972
French Guiana,GUF,1988,104222
French Guiana,GUF,1989,110261
French Guiana,GUF,1990,115784
French Polynesia,PYF,1985,177024
French Polynesia,PYF,1986,181807
French Polynesia,PYF,1987,186588
French Polynesia,PYF,1988,191260
French Polynesia,PYF,1989,195728
French Polynesia,PYF,1990,199906
Gabon,GAB,1990,949493
Gabon,GAB,1985,827107
Gabon,GAB,1986,850052
Gabon,GAB,1987,873871
Gabon,GAB,1988,898472
Gabon,GAB,1989,923714
Gambia,GMB,1990,955595
Gambia,GMB,1985,755791
Gambia,GMB,1986,791141
Gambia,GMB,1987,831011
Gambia,GMB,1988,873440
Gambia,GMB,1989,915631
Georgia,GEO,1990,5410400
Georgia,GEO,1985,5211454
Georgia,GEO,1986,5267233
Georgia,GEO,1987,5327496
Georgia,GEO,1988,5380820
Georgia,GEO,1989,5411983
Germany,DEU,1990,79053984
Germany,DEU,1985,77691591
Germany,DEU,1986,77806136
Germany,DEU,1987,78015742
Germany,DEU,1988,78307525
Germany,DEU,1989,78660301
Ghana,GHA,1990,14773274
Ghana,GHA,1985,12783617
Ghana,GHA,1986,13164839
Ghana,GHA,1987,13552021
Ghana,GHA,1988,13947047
Ghana,GHA,1989,14353409
Gibraltar,GIB,1985,29151
Gibraltar,GIB,1986,29096
Gibraltar,GIB,1987,29114
Gibraltar,GIB,1988,29164
Gibraltar,GIB,1989,29187
Gibraltar,GIB,1990,29149
Greece,GRC,1990,10225990
Greece,GRC,1985,9968233
Greece,GRC,1986,10015122
Greece,GRC,1987,10057292
Greece,GRC,1988,10101349
Greece,GRC,1989,10155721
Greenland,GRL,1985,53187
Greenland,GRL,1986,53789
Greenland,GRL,1987,54371
Greenland,GRL,1988,54880
Greenland,GRL,1989,55288
Greenland,GRL,1990,55604
Grenada,GRD,1990,96328
Grenada,GRD,1985,99953
Grenada,GRD,1986,100183
Grenada,GRD,1987,99425
Grenada,GRD,1988,98126
Grenada,GRD,1989,96932
Guadeloupe,GLP,1985,342737
Guadeloupe,GLP,1986,350061
Guadeloupe,GLP,1987,359911
Guadeloupe,GLP,1988,370913
Guadeloupe,GLP,1989,381139
Guadeloupe,GLP,1990,389251
Guam,GUM,1985,116576
Guam,GUM,1986,119228
Guam,GUM,1987,121923
Guam,GUM,1988,124674
Guam,GUM,1989,127525
Guam,GUM,1990,130479
Guatemala,GTM,1990,9263820
Guatemala,GTM,1985,8240059
Guatemala,GTM,1986,8438599
Guatemala,GTM,1987,8639105
Guatemala,GTM,1988,8842571
Guatemala,GTM,1989,9050464
Guinea,GIN,1990,6352282
Guinea,GIN,1985,5470716
Guinea,GIN,1986,5629420
Guinea,GIN,1987,5801323
Guinea,GIN,1988,5982484
Guinea,GIN,1989,6167480
Guinea-Bissau,GNB,1990,975265
Guinea-Bissau,GNB,1985,872163
Guinea-Bissau,GNB,1986,892530
Guinea-Bissau,GNB,1987,912755
Guinea-Bissau,GNB,1988,933046
Guinea-Bissau,GNB,1989,953782
Guyana,GUY,1990,743306
Guyana,GUY,1985,770439
Guyana,GUY,1986,764447
Guyana,GUY,1987,757451
Guyana,GUY,1988,750641
Guyana,GUY,1989,745581
Haiti,HTI,1990,7037915
Haiti,HTI,1985,6337275
Haiti,HTI,1986,6478537
Haiti,HTI,1987,6618742
Haiti,HTI,1988,6758222
Haiti,HTI,1989,6897755
Heavily indebted poor countries (HIPC),,1990,
High income,,1990,
Honduras,HND,1990,4955302
Honduras,HND,1985,4281167
Honduras,HND,1986,4410270
Honduras,HND,1987,4542218
Honduras,HND,1988,4677023
Honduras,HND,1989,4814696
Hong Kong,HKG,1990,5727942
Hong Kong,HKG,1985,5287023
Hong Kong,HKG,1986,5373445
Hong Kong,HKG,1987,5464705
Hong Kong,HKG,1988,5557380
Hong Kong,HKG,1989,5646276
Hungary,HUN,1985,10566321
Hungary,HUN,1986,10519296
Hungary,HUN,1987,10474544
Hungary,HUN,1988,10434539
Hungary,HUN,1989,10401614
Hungary,HUN,1990,10377135
IBRD only,,1990,
IDA & IBRD total,,1990,
IDA blend,,1990,
IDA only,,1990,
IDA total,,1990,
Iceland,ISL,1985,241587
Iceland,ISL,1986,244335
Iceland,ISL,1987,247057
Iceland,ISL,1988,249755
Iceland,ISL,1989,252424
Iceland,ISL,1990,255044
India,IND,1990,873277799
India,IND,1985,784360012
India,IND,1986,801975250
India,IND,1987,819682095
India,IND,1988,837468938
India,IND,1989,855334675
Indonesia,IDN,1990,181413398
Indonesia,IDN,1985,164982452
Indonesia,IDN,1986,168374287
Indonesia,IDN,1987,171702756
Indonesia,IDN,1988,174975953
Indonesia,IDN,1989,178209147
Iran,IRN,1990,56366212
Iran,IRN,1985,47347197
Iran,IRN,1986,49260263
Iran,IRN,1987,51193782
Iran,IRN,1988,53077312
Iran,IRN,1989,54822005
Iraq,IRQ,1990,17419113
Iraq,IRQ,1985,15555807
Iraq,IRQ,1986,15909764
Iraq,IRQ,1987,16257072
Iraq,IRQ,1988,16612319
Iraq,IRQ,1989,16994942
Ireland,IRL,1990,3510881
Ireland,IRL,1985,3510978
Ireland,IRL,1986,3516423
Ireland,IRL,1987,3515827
Ireland,IRL,1988,3512179
Ireland,IRL,1989,3509508
Isle of Man,IMN,1985,64277
Isle of Man,IMN,1986,65200
Isle of Man,IMN,1987,66476
Isle of Man,IMN,1988,67927
Isle of Man,IMN,1989,69263
Isle of Man,IMN,1990,70292
Israel,ISR,1985,4035062
Israel,ISR,1986,4100542
Israel,ISR,1987,4167130
Israel,ISR,1988,4241786
Israel,ISR,1989,4333578
Israel,ISR,1990,4448348
Italy,ITA,1990,57048237
Italy,ITA,1985,56936776
Italy,ITA,1986,56983931
Italy,ITA,1987,57007737
Italy,ITA,1988,57018193
Italy,ITA,1989,57028707
Jamaica,JAM,1990,2419901
Jamaica,JAM,1985,2335510
Jamaica,JAM,1986,2358165
Jamaica,JAM,1987,2375400
Jamaica,JAM,1988,2389415
Jamaica,JAM,1989,2403464
Japan,JPN,1990,124505243
Japan,JPN,1985,121883483
Japan,JPN,1986,122509119
Japan,JPN,1987,123072720
Japan,JPN,1988,123584522
Japan,JPN,1989,124058517
Jordan,JOR,1990,3565888
Jordan,JOR,1985,2900055
Jordan,JOR,1986,3015294
Jordan,JOR,1987,3131800
Jordan,JOR,1988,3256552
Jordan,JOR,1989,3399333
Kazakhstan,KAZ,1990,16383881
Kazakhstan,KAZ,1985,15665594
Kazakhstan,KAZ,1986,15852524
Kazakhstan,KAZ,1987,16039253
Kazakhstan,KAZ,1988,16205998
Kazakhstan,KAZ,1989,16326848
Kenya,KEN,1990,23724574
Kenya,KEN,1985,19877078
Kenya,KEN,1986,20622560
Kenya,KEN,1987,21382111
Kenya,KEN,1988,22153685
Kenya,KEN,1989,22935088
Kiribati,KIR,1990,72394
Kiribati,KIR,1985,63989
Kiribati,KIR,1986,65504
Kiribati,KIR,1987,67244
Kiribati,KIR,1988,69087
Kiribati,KIR,1989,70849
Kuwait,KWT,1985,1735278
Kuwait,KWT,1986,1832302
Kuwait,KWT,1987,1938916
Kuwait,KWT,1988,2034850
Kuwait,KWT,1989,2092786
Kuwait,KWT,1990,2095350
Kyrgyzstan,KGZ,1990,4372885
Kyrgyzstan,KGZ,1985,3993077
Kyrgyzstan,KGZ,1986,4075144
Kyrgyzstan,KGZ,1987,4158584
Kyrgyzstan,KGZ,1988,4239283
Kyrgyzstan,KGZ,1989,4311856
Laos,LAO,1990,4258471
Laos,LAO,1985,3687889
Laos,LAO,1986,3794204
Laos,LAO,1987,3905530
Laos,LAO,1988,4020817
Laos,LAO,1989,4138845
Late-demographic dividend,,1990,
Latin America & Caribbean,,1990,
Latin America & Caribbean (IDA & IBRD),,1990,
Latin America & Caribbean (excluding high income),,1990,
Latvia,LVA,1985,2580763
Latvia,LVA,1986,2602152
Latvia,LVA,1987,2626906
Latvia,LVA,1988,2649835
Latvia,LVA,1989,2663943
Latvia,LVA,1990,2664447
Least developed countries: UN classification,,1990,
Lebanon,LBN,1990,2803032
Lebanon,LBN,1985,2651992
Lebanon,LBN,1986,2660873
Lebanon,LBN,1987,2667957
Lebanon,LBN,1988,2684682
Lebanon,LBN,1989,2726438
Lesotho,LSO,1990,1703757
Lesotho,LSO,1985,1526132
Lesotho,LSO,1986,1561687
Lesotho,LSO,1987,1596395
Lesotho,LSO,1988,1630993
Lesotho,LSO,1989,1666564
Liberia,LBR,1985,2145756
Liberia,LBR,1986,2158434
Liberia,LBR,1987,2153312
Liberia,LBR,1988,2134105
Liberia,LBR,1989,2106429
Liberia,LBR,1990,2075917
Libya,LBY,1985,3873781
Libya,LBY,1986,3994601
Libya,LBY,1987,4109716
Libya,LBY,1988,4220451
Libya,LBY,1989,4328935
Libya,LBY,1990,4436663
Liechtenstein,LIE,1985,27286
Liechtenstein,LIE,1986,27552
Liechtenstein,LIE,1987,27835
Liechtenstein,LIE,1988,28135
Liechtenstein,LIE,1989,28449
Liechtenstein,LIE,1990,28790
Lithuania,LTU,1985,3562399
Lithuania,LTU,1986,3594064
Lithuania,LTU,1987,3627326
Lithuania,LTU,1988,3658496
Lithuania,LTU,1989,3682557
Lithuania,LTU,1990,3696035
Low & middle income,,1990,
Lower middle income,,1990,
Luxembourg,LUX,1990,381780
Luxembourg,LUX,1985,366882
Luxembourg,LUX,1986,368662
Luxembourg,LUX,1987,371076
Luxembourg,LUX,1988,374118
Luxembourg,LUX,1989,377712
Macao,MAC,1990,343816
Macao,MAC,1985,283490
Macao,MAC,1986,295597
Macao,MAC,1987,308181
Macao,MAC,1988,320774
Macao,MAC,1989,332783
Madagascar,MDG,1990,11598647
Madagascar,MDG,1985,10063493
Madagascar,MDG,1986,10352117
Madagascar,MDG,1987,10647753
Madagascar,MDG,1988,10952396
Madagascar,MDG,1989,11268653
Malawi,MWI,1990,9404499
Malawi,MWI,1985,7268271
Malawi,MWI,1986,7666390
Malawi,MWI,1987,8141140
Malawi,MWI,1988,8636686
Malawi,MWI,1989,9075568
Malaysia,MYS,1990,18029824
Malaysia,MYS,1985,15598924
Malaysia,MYS,1986,16043736
Malaysia,MYS,1987,16522004
Malaysia,MYS,1988,17022470
Malaysia,MYS,1989,17528961
Maldives,MDV,1985,189540
Maldives,MDV,1986,196262
Maldives,MDV,1987,203024
Maldives,MDV,1988,209787
Maldives,MDV,1989,216502
Maldives,MDV,1990,223159
Mali,MLI,1990,8449915
Mali,MLI,1985,7831888
Mali,MLI,1986,7952863
Mali,MLI,1987,8062216
Mali,MLI,1988,8171525
Mali,MLI,1989,8296919
Malta,MLT,1990,362017
Malta,MLT,1985,346254
Malta,MLT,1986,349431
Malta,MLT,1987,352617
Malta,MLT,1988,355796
Malta,MLT,1989,358935
Marshall Islands,MHL,1990,47265
Marshall Islands,MHL,1985,38331
Marshall Islands,MHL,1986,40212
Marshall Islands,MHL,1987,42168
Marshall Islands,MHL,1988,44092
Marshall Islands,MHL,1989,45827
Martinique,MTQ,1985,339881
Martinique,MTQ,1986,343744
Martinique,MTQ,1987,347754
Martinique,MTQ,1988,351708
Martinique,MTQ,1989,355340
Martinique,MTQ,1990,358457
Mauritania,MRT,1990,2034347
Mauritania,MRT,1985,1780033
Mauritania,MRT,1986,1829678
Mauritania,MRT,1987,1879756
Mauritania,MRT,1988,1930427
Mauritania,MRT,1989,1981902
Mauritius,MUS,1990,1055869
Mauritius,MUS,1985,1015764
Mauritius,MUS,1986,1023278
Mauritius,MUS,1987,1030175
Mauritius,MUS,1988,1037252
Mauritius,MUS,1989,1045585
Mayotte,MYT,1985,72108
Mayotte,MYT,1986,76187
Mayotte,MYT,1987,80445
Mayotte,MYT,1988,84941
Mayotte,MYT,1989,89709
Mayotte,MYT,1990,94779
Mexico,MEX,1990,83943135
Mexico,MEX,1985,75983486
Mexico,MEX,1986,77599105
Mexico,MEX,1987,79200081
Mexico,MEX,1988,80788725
Mexico,MEX,1989,82368930
Micronesia (country),FSM,1990,96304
Micronesia (country),FSM,1985,85641
Micronesia (country),FSM,1986,87904
Micronesia (country),FSM,1987,89985
Micronesia (country),FSM,1988,91984
Micronesia (country),FSM,1989,94062
Middle East & North Africa,,1990,
Middle East & North Africa (IDA & IBRD),,1990,
Middle East & North Africa (excluding high income),,1990,
Middle income,,1990,
Moldova,MDA,1985,4216244
Moldova,MDA,1986,4254526
Moldova,MDA,1987,4290484
Moldova,MDA,1988,4322338
Moldova,MDA,1989,4347870
Moldova,MDA,1990,4365562
Monaco,MCO,1985,28836
Monaco,MCO,1986,29050
Monaco,MCO,1987,29156
Monaco,MCO,1988,29232
Monaco,MCO,1989,29309
Monaco,MCO,1990,29433
Mongolia,MNG,1990,2184139
Mongolia,MNG,1985,1921889
Mongolia,MNG,1986,1976313
Mongolia,MNG,1987,2033351
Mongolia,MNG,1988,2089708
Mongolia,MNG,1989,2141005
Montenegro,MNE,1985,614011
Montenegro,MNE,1986,616356
Montenegro,MNE,1987,616794
Montenegro,MNE,1988,616054
Montenegro,MNE,1989,615205
Montenegro,MNE,1990,615004
Montserrat,MSR,1985,10787
Montserrat,MSR,1986,10704
Montserrat,MSR,1987,10666
Montserrat,MSR,1988,10632
Montserrat,MSR,1989,10623
Montserrat,MSR,1990,10616
Morocco,MAR,1990,24807461
Morocco,MAR,1985,22499111
Morocco,MAR,1986,22980334
Morocco,MAR,1987,23447256
Morocco,MAR,1988,23903592
Morocco,MAR,1989,24355624
Mozambique,MOZ,1990,12987292
Mozambique,MOZ,1985,12764385
Mozambique,MOZ,1986,12808566
Mozambique,MOZ,1987,12786353
Mozambique,MOZ,1988,12758003
Mozambique,MOZ,1989,12805950
Myanmar,MMR,1990,41335188
Myanmar,MMR,1985,37977087
Myanmar,MMR,1986,38698484
Myanmar,MMR,1987,39404350
Myanmar,MMR,1988,40085653
Myanmar,MMR,1989,40731439
Namibia,NAM,1990,1432899
Namibia,NAM,1985,1198149
Namibia,NAM,1986,1239923
Namibia,NAM,1987,1286796
Namibia,NAM,1988,1336545
Namibia,NAM,1989,1386011
Nauru,NRU,1985,8501
Nauru,NRU,1986,8679
Nauru,NRU,1987,8868
Nauru,NRU,1988,9058
Nauru,NRU,1989,9275
Nauru,NRU,1990,9506
Nepal,NPL,1990,18905480
Nepal,NPL,1985,16858315
Nepal,NPL,1986,17239677
Nepal,NPL,1987,17623697
Nepal,NPL,1988,18020755
Nepal,NPL,1989,18445021
Netherlands,NLD,1990,14965442
Netherlands,NLD,1985,14513947
Netherlands,NLD,1986,14595749
Netherlands,NLD,1987,14682662
Netherlands,NLD,1988,14774031
Netherlands,NLD,1989,14868659
Netherlands Antilles,ANT,1990,295861
New Caledonia,NCL,1985,155985
New Caledonia,NCL,1986,158350
New Caledonia,NCL,1987,160873
New Caledonia,NCL,1988,163655
New Caledonia,NCL,1989,166782
New Caledonia,NCL,1990,170335
New Zealand,NZL,1990,3398175
New Zealand,NZL,1985,3268234
New Zealand,NZL,1986,3290304
New Zealand,NZL,1987,3310751
New Zealand,NZL,1988,3332787
New Zealand,NZL,1989,3360956
Nicaragua,NIC,1990,4173435
Nicaragua,NIC,1985,3734343
Nicaragua,NIC,1986,3823133
Nicaragua,NIC,1987,3909672
Nicaragua,NIC,1988,3995529
Nicaragua,NIC,1989,4082958
Niger,NER,1990,8026592
Niger,NER,1985,6915994
Niger,NER,1986,7118885
Niger,NER,1987,7328934
Niger,NER,1988,7548429
Niger,NER,1989,7780242
Nigeria,NGA,1990,95212454
Nigeria,NGA,1985,83562776
Nigeria,NGA,1986,85766396
Nigeria,NGA,1987,88048029
Nigeria,NGA,1988,90395278
Nigeria,NGA,1989,92788039
Niue,NIU,1985,2713
Niue,NIU,1986,2607
Niue,NIU,1987,2520
Niue,NIU,1988,2446
Niue,NIU,1989,2382
Niue,NIU,1990,2332
North America,,1990,427517667
North America,,1985,400431899
North America,,1986,405701945
North America,,1987,411023465
North America,,1988,416389761
North America,,1989,421790741
North Korea,PRK,1985,18877226
North Korea,PRK,1986,19156791
North Korea,PRK,1987,19431992
North Korea,PRK,1988,19708316
North Korea,PRK,1989,19993757
North Korea,PRK,1990,20293057
North Macedonia,MKD,1990,1996218
North Macedonia,MKD,1985,1981536
North Macedonia,MKD,1986,1987538
North Macedonia,MKD,1987,1992278
North Macedonia,MKD,1988,1995508
North Macedonia,MKD,1989,1996863
Northern Mariana Islands,MNP,1985,28719
Northern Mariana Islands,MNP,1986,32377
Northern Mariana Islands,MNP,1987,36371
Northern Mariana Islands,MNP,1988,40294
Northern Mariana Islands,MNP,1989,43542
Northern Mariana Islands,MNP,1990,45752
Norway,NOR,1990,4247286
Norway,NOR,1985,4153111
Norway,NOR,1986,4169318
Norway,NOR,1987,4186971
Norway,NOR,1988,4205959
Norway,NOR,1989,4226116
OECD members,,1990,
Oceania,,1985,25151041
Oceania,,1986,25572659
Oceania,,1987,26001723
Oceania,,1988,26434887
Oceania,,1989,26868220
Oceania,,1990,27298693
Oman,OMN,1990,1812158
Oman,OMN,1985,1498413
Oman,OMN,1986,1561180
Oman,OMN,1987,1619871
Oman,OMN,1988,1678119
Oman,OMN,1989,1741155
Pacific island small states,,1990,
Pakistan,PAK,1990,107647918
Pakistan,PAK,1985,92191505
Pakistan,PAK,1986,95215375
Pakistan,PAK,1987,98285762
Pakistan,PAK,1988,101389603
Pakistan,PAK,1989,104512874
Palau,PLW,1985,13534
Palau,PLW,1986,13835
Palau,PLW,1987,14121
Palau,PLW,1988,14400
Palau,PLW,1989,14704
Palau,PLW,1990,15063
Palestine,PSE,1985,1759533
Palestine,PSE,1986,1817981
Palestine,PSE,1987,1879750
Palestine,PSE,1988,1946376
Palestine,PSE,1989,2019825
Palestine,PSE,1990,2101445
Panama,PAN,1990,2470946
Panama,PAN,1985,2219200
Panama,PAN,1986,2268500
Panama,PAN,1987,2318259
Panama,PAN,1988,2368556
Panama,PAN,1989,2419424
Papua New Guinea,PNG,1990,4615843
Papua New Guinea,PNG,1985,4081022
Papua New Guinea,PNG,1986,4186499
Papua New Guinea,PNG,1987,4292575
Papua New Guinea,PNG,1988,4399320
Papua New Guinea,PNG,1989,4506996
Paraguay,PRY,1990,4223413
Paraguay,PRY,1985,3676206
Paraguay,PRY,1986,3783074
Paraguay,PRY,1987,3891725
Paraguay,PRY,1988,4001678
Paraguay,PRY,1989,4112395
Peru,PER,1990,22071433
Peru,PER,1985,19772871
Peru,PER,1986,20230385
Peru,PER,1987,20691285
Peru,PER,1988,21153462
Peru,PER,1989,21614193
Philippines,PHL,1990,61895169
Philippines,PHL,1985,54275836
Philippines,PHL,1986,55755346
Philippines,PHL,1987,57263835
Philippines,PHL,1988,58794999
Philippines,PHL,1989,60340768
Poland,POL,1990,37960193
Poland,POL,1985,37133860
Poland,POL,1986,37359519
Poland,POL,1987,37544332
Poland,POL,1988,37697360
Poland,POL,1989,37832568
Portugal,PRT,1990,9895358
Portugal,PRT,1985,9929176
Portugal,PRT,1986,9926426
Portugal,PRT,1987,9914073
Portugal,PRT,1988,9899198
Portugal,PRT,1989,9890823
Post-demographic dividend,,1990,
Pre-demographic dividend,,1990,
Puerto Rico,PRI,1990,3403168
Puerto Rico,PRI,1985,3263173
Puerto Rico,PRI,1986,3291747
Puerto Rico,PRI,1987,3318838
Puerto Rico,PRI,1988,3345571
Puerto Rico,PRI,1989,3373373
Qatar,QAT,1985,370886
Qatar,QAT,1986,397739
Qatar,QAT,1987,422154
Qatar,QAT,1988,443611
Qatar,QAT,1989,461688
Qatar,QAT,1990,476275
Reunion,REU,1985,558704
Reunion,REU,1986,568913
Reunion,REU,1987,578938
Reunion,REU,1988,588985
Reunion,REU,1989,599447
Reunion,REU,1990,610584
Romania,ROU,1990,23489156
Romania,ROU,1985,23071258
Romania,ROU,1986,23175055
Romania,ROU,1987,23288388
Romania,ROU,1988,23393739
Romania,ROU,1989,23466413
Russia,RUS,1990,147531562
Russia,RUS,1985,142957289
Russia,RUS,1986,143995348
Russia,RUS,1987,145032886
Russia,RUS,1988,146013482
Russia,RUS,1989,146863927
Rwanda,RWA,1990,7288883
Rwanda,RWA,1985,6146884
Rwanda,RWA,1986,6443748
Rwanda,RWA,1987,6779981
Rwanda,RWA,1988,7088194
Rwanda,RWA,1989,7276983
Saint Barthlemy,,1985,3370
Saint Barthlemy,,1986,3669
Saint Barthlemy,,1987,4072
Saint Barthlemy,,1988,4533
Saint Barthlemy,,1989,4972
Saint Barthlemy,,1990,5345
Saint Helena,SHN,1985,6818
Saint Helena,SHN,1986,6820
Saint Helena,SHN,1987,6800
Saint Helena,SHN,1988,6759
Saint Helena,SHN,1989,6715
Saint Helena,SHN,1990,6654
Saint Kitts and Nevis,KNA,1990,40260
Saint Kitts and Nevis,KNA,1985,41874
Saint Kitts and Nevis,KNA,1986,41479
Saint Kitts and Nevis,KNA,1987,41041
Saint Kitts and Nevis,KNA,1988,40633
Saint Kitts and Nevis,KNA,1989,40354
Saint Lucia,LCA,1990,138019
Saint Lucia,LCA,1985,126246
Saint Lucia,LCA,1986,128448
Saint Lucia,LCA,1987,130868
Saint Lucia,LCA,1988,133364
Saint Lucia,LCA,1989,135787
Saint Martin (French part),MAF,1985,11066
Saint Martin (French part),MAF,1986,14561
Saint Martin (French part),MAF,1987,19274
Saint Martin (French part),MAF,1988,24374
Saint Martin (French part),MAF,1989,28723
Saint Martin (French part),MAF,1990,31522
Saint Pierre and Miquelon,SPM,1985,6017
Saint Pierre and Miquelon,SPM,1986,6068
Saint Pierre and Miquelon,SPM,1987,6148
Saint Pierre and Miquelon,SPM,1988,6236
Saint Pierre and Miquelon,SPM,1989,6327
Saint Pierre and Miquelon,SPM,1990,6385
Saint Vincent and the Grenadines,VCT,1990,107489
Saint Vincent and the Grenadines,VCT,1985,104503
Saint Vincent and the Grenadines,VCT,1986,105217
Saint Vincent and the Grenadines,VCT,1987,105905
Saint Vincent and the Grenadines,VCT,1988,106533
Saint Vincent and the Grenadines,VCT,1989,107071
Samoa,WSM,1990,162797
Samoa,WSM,1985,159995
Samoa,WSM,1986,160552
Samoa,WSM,1987,160962
Samoa,WSM,1988,161369
Samoa,WSM,1989,161935
San Marino,SMR,1985,22794
San Marino,SMR,1986,23046
San Marino,SMR,1987,23297
San Marino,SMR,1988,23548
San Marino,SMR,1989,23833
San Marino,SMR,1990,24124
Sao Tome and Principe,STP,1985,104926
Sao Tome and Principe,STP,1986,107429
Sao Tome and Principe,STP,1987,110259
Sao Tome and Principe,STP,1988,113288
Sao Tome and Principe,STP,1989,116313
Sao Tome and Principe,STP,1990,119211
Saudi Arabia,SAU,1990,16233786
Saudi Arabia,SAU,1985,13118998
Saudi Arabia,SAU,1986,13794167
Saudi Arabia,SAU,1987,14445663
Saudi Arabia,SAU,1988,15070082
Saudi Arabia,SAU,1989,15666289
Senegal,SEN,1990,7526306
Senegal,SEN,1985,6471329
Senegal,SEN,1986,6670665
Senegal,SEN,1987,6875746
Senegal,SEN,1988,7086624
Senegal,SEN,1989,7303511
Serbia,SRB,1985,9253396
Serbia,SRB,1986,9306347
Serbia,SRB,1987,9352149
Serbia,SRB,1988,9397310
Serbia,SRB,1989,9450770
Serbia,SRB,1990,9517677
Seychelles,SYC,1990,70572
Seychelles,SYC,1985,69772
Seychelles,SYC,1986,69941
Seychelles,SYC,1987,69946
Seychelles,SYC,1988,69925
Seychelles,SYC,1989,70089
Sierra Leone,SLE,1990,4319763
Sierra Leone,SLE,1985,3805304
Sierra Leone,SLE,1986,3916685
Sierra Leone,SLE,1987,4038154
Sierra Leone,SLE,1988,4156636
Sierra Leone,SLE,1989,4254434
Singapore,SGP,1990,3012968
Singapore,SGP,1985,2705537
Singapore,SGP,1986,2762442
Singapore,SGP,1987,2816974
Singapore,SGP,1988,2873279
Singapore,SGP,1989,2937277
Sint Maarten (Dutch part),SXM,1985,19127
Sint Maarten (Dutch part),SXM,1986,21028
Sint Maarten (Dutch part),SXM,1987,23157
Sint Maarten (Dutch part),SXM,1988,25334
Sint Maarten (Dutch part),SXM,1989,27280
Sint Maarten (Dutch part),SXM,1990,28814
Slovakia,SVK,1985,5166787
Slovakia,SVK,1986,5194302
Slovakia,SVK,1987,5219967
Slovakia,SVK,1988,5244036
Slovakia,SVK,1989,5266805
Slovakia,SVK,1990,5288455
Slovenia,SVN,1985,1945129
Slovenia,SVN,1986,1962870
Slovenia,SVN,1987,1978498
Slovenia,SVN,1988,1991387
Slovenia,SVN,1989,2000832
Slovenia,SVN,1990,2006404
Solomon Islands,SLB,1990,311869
Solomon Islands,SLB,1985,270787
Solomon Islands,SLB,1986,278834
Solomon Islands,SLB,1987,286871
Solomon Islands,SLB,1988,294976
Solomon Islands,SLB,1989,303272
Somalia,SOM,1990,7225089
Somalia,SOM,1985,6648628
Somalia,SOM,1986,6736751
Somalia,SOM,1987,6862267
Somalia,SOM,1988,7005226
Somalia,SOM,1989,7133263
South Africa,ZAF,1990,36800507
South Africa,ZAF,1985,32678876
South Africa,ZAF,1986,33495956
South Africa,ZAF,1987,34297727
South Africa,ZAF,1988,35100905
South Africa,ZAF,1989,35930056
South America,,1985,267951819
South America,,1986,273476294
South America,,1987,278983183
South America,,1988,284470906
South America,,1989,289942198
South America,,1990,295398177
South Asia,,1990,
South Asia (IDA & IBRD),,1990,
South Korea,KOR,1990,42918416
South Korea,KOR,1985,40804406
South Korea,KOR,1986,41265123
South Korea,KOR,1987,41686566
South Korea,KOR,1988,42086668
South Korea,KOR,1989,42491200
South Sudan,SSD,1985,5220748
South Sudan,SSD,1986,5328167
South Sudan,SSD,1987,5419808
South Sudan,SSD,1988,5485288
South Sudan,SSD,1989,5511582
South Sudan,SSD,1990,5492620
Spain,ESP,1990,39202524
Spain,ESP,1985,38733866
Spain,ESP,1986,38855631
Spain,ESP,1987,38954490
Spain,ESP,1988,39038686
Spain,ESP,1989,39118555
Sri Lanka,LKA,1990,17325769
Sri Lanka,LKA,1985,16176282
Sri Lanka,LKA,1986,16408861
Sri Lanka,LKA,1987,16643955
Sri Lanka,LKA,1988,16878186
Sri Lanka,LKA,1989,17106752
Sub-Saharan Africa,,1990,
Sub-Saharan Africa (IDA & IBRD),,1990,
Sub-Saharan Africa (excluding high income),,1990,
Sudan,SDN,1990,20147592
Sudan,SDN,1985,17210182
Sudan,SDN,1986,17757494
Sudan,SDN,1987,18303430
Sudan,SDN,1988,18867559
Sudan,SDN,1989,19476653
Suriname,SUR,1990,405169
Suriname,SUR,1985,368636
Suriname,SUR,1986,374133
Suriname,SUR,1987,381033
Suriname,SUR,1988,388877
Suriname,SUR,1989,397082
Svalbard and Jan Mayen,SJM,1990,2178
Sweden,SWE,1990,8567375
Sweden,SWE,1985,8357650
Sweden,SWE,1986,8384986
Sweden,SWE,1987,8421056
Sweden,SWE,1988,8464790
Sweden,SWE,1989,8514204
Switzerland,CHE,1990,6652873
Switzerland,CHE,1985,6435424
Switzerland,CHE,1986,6473047
Switzerland,CHE,1987,6510593
Switzerland,CHE,1988,6550730
Switzerland,CHE,1989,6597360
Syria,SYR,1985,10648633
Syria,SYR,1986,11004273
Syria,SYR,1987,11360848
Syria,SYR,1988,11719064
Syria,SYR,1989,12080439
Syria,SYR,1990,12446168
Taiwan,TWN,1985,19303402
Taiwan,TWN,1986,19560164
Taiwan,TWN,1987,19806742
Taiwan,TWN,1988,20042355
Taiwan,TWN,1989,20266424
Taiwan,TWN,1990,20478516
Tajikistan,TJK,1990,5283811
Tajikistan,TJK,1985,4537820
Tajikistan,TJK,1986,4687328
Tajikistan,TJK,1987,4843997
Tajikistan,TJK,1988,5001172
Tajikistan,TJK,1989,5149872
Tanzania,TZA,1990,25203848
Tanzania,TZA,1985,21633799
Tanzania,TZA,1986,22296282
Tanzania,TZA,1987,22971208
Tanzania,TZA,1988,23670807
Tanzania,TZA,1989,24411744
Thailand,THA,1990,56558196
Thailand,THA,1985,52026901
Thailand,THA,1986,52980105
Thailand,THA,1987,53945872
Thailand,THA,1988,54891520
Thailand,THA,1989,55772169
Timor,TLS,1985,657061
Timor,TLS,1986,671747
Timor,TLS,1987,686475
Timor,TLS,1988,701812
Timor,TLS,1989,718736
Timor,TLS,1990,737814
Togo,TGO,1990,3774310
Togo,TGO,1985,3252997
Togo,TGO,1986,3363040
Togo,TGO,1987,3471738
Togo,TGO,1988,3577469
Togo,TGO,1989,3678567
Tokelau,TKL,1985,1714
Tokelau,TKL,1986,1709
Tokelau,TKL,1987,1686
Tokelau,TKL,1988,1663
Tokelau,TKL,1989,1630
Tokelau,TKL,1990,1604
Tonga,TON,1990,95069
Tonga,TON,1985,93896
Tonga,TON,1986,94081
Tonga,TON,1987,94318
Tonga,TON,1988,94592
Tonga,TON,1989,94848
Trinidad and Tobago,TTO,1990,1221121
Trinidad and Tobago,TTO,1985,1170296
Trinidad and Tobago,TTO,1986,1183382
Trinidad and Tobago,TTO,1987,1194532
Trinidad and Tobago,TTO,1988,1204150
Trinidad and Tobago,TTO,1989,1212858
Tunisia,TUN,1990,8242509
Tunisia,TUN,1985,7329590
Tunisia,TUN,1986,7517854
Tunisia,TUN,1987,7700733
Tunisia,TUN,1988,7880333
Tunisia,TUN,1989,8060211
Turkey,TUR,1990,53921758
Turkey,TUR,1985,49133928
Turkey,TUR,1986,50128548
Turkey,TUR,1987,51100930
Turkey,TUR,1988,52053764
Turkey,TUR,1989,52992479
Turkmenistan,TKM,1990,3683978
Turkmenistan,TKM,1985,3244024
Turkmenistan,TKM,1986,3324462
Turkmenistan,TKM,1987,3407310
Turkmenistan,TKM,1988,3493892
Turkmenistan,TKM,1989,3585867
Turks and Caicos Islands,TCA,1985,9974
Turks and Caicos Islands,TCA,1986,10365
Turks and Caicos Islands,TCA,1987,10717
Turks and Caicos Islands,TCA,1988,11091
Turks and Caicos Islands,TCA,1989,11550
Turks and Caicos Islands,TCA,1990,12115
Tuvalu,TUV,1990,8910
Tuvalu,TUV,1985,8211
Tuvalu,TUV,1986,8341
Tuvalu,TUV,1987,8481
Tuvalu,TUV,1988,8637
Tuvalu,TUV,1989,8787
Uganda,UGA,1990,17354395
Uganda,UGA,1985,14559357
Uganda,UGA,1986,15070319
Uganda,UGA,1987,15612754
Uganda,UGA,1988,16180129
Uganda,UGA,1989,16763041
Ukraine,UKR,1990,51463101
Ukraine,UKR,1985,50919275
Ukraine,UKR,1986,51077457
Ukraine,UKR,1987,51219911
Ukraine,UKR,1988,51338392
Ukraine,UKR,1989,51422338
United Arab Emirates,ARE,1990,1828437
United Arab Emirates,ARE,1985,1366165
United Arab Emirates,ARE,1986,1446386
United Arab Emirates,ARE,1987,1533526
United Arab Emirates,ARE,1988,1627068
United Arab Emirates,ARE,1989,1725676
United Kingdom,GBR,1990,57134377
United Kingdom,GBR,1985,56413555
United Kingdom,GBR,1986,56522505
United Kingdom,GBR,1987,56658260
United Kingdom,GBR,1988,56812754
United Kingdom,GBR,1989,56974289
United States,USA,1990,252120309
United States,USA,1985,240499822
United States,USA,1986,242763137
United States,USA,1987,245052780
United States,USA,1988,247372258
United States,USA,1989,249725809
United States Virgin Islands,VIR,1985,105279
United States Virgin Islands,VIR,1986,105293
United States Virgin Islands,VIR,1987,104889
United States Virgin Islands,VIR,1988,104315
United States Virgin Islands,VIR,1989,103856
United States Virgin Islands,VIR,1990,103755
Upper middle income,,1990,
Uruguay,URY,1990,3109598
Uruguay,URY,1985,3011519
Uruguay,URY,1986,3030651
Uruguay,URY,1987,3049581
Uruguay,URY,1988,3068714
Uruguay,URY,1989,3088603
Uzbekistan,UZB,1990,20398347
Uzbekistan,UZB,1985,18061283
Uzbekistan,UZB,1986,18515579
Uzbekistan,UZB,1987,18976411
Uzbekistan,UZB,1988,19443890
Uzbekistan,UZB,1989,19918119
Vanuatu,VUT,1990,146575
Vanuatu,VUT,1985,129989
Vanuatu,VUT,1986,132988
Vanuatu,VUT,1987,136075
Vanuatu,VUT,1988,139319
Vanuatu,VUT,1989,142801
Vatican,VAT,1985,740
Vatican,VAT,1986,747
Vatican,VAT,1987,751
Vatican,VAT,1988,754
Vatican,VAT,1989,759
Vatican,VAT,1990,762
Venezuela,VEN,1985,17319513
Venezuela,VEN,1986,17772000
Venezuela,VEN,1987,18232733
Venezuela,VEN,1988,18698850
Venezuela,VEN,1989,19166474
Venezuela,VEN,1990,19632665
Vietnam,VNM,1990,67988855
Vietnam,VNM,1985,60896732
Vietnam,VNM,1986,62293859
Vietnam,VNM,1987,63701974
Vietnam,VNM,1988,65120432
Vietnam,VNM,1989,66550231
Wallis and Futuna,WLF,1985,13625
Wallis and Futuna,WLF,1986,13810
Wallis and Futuna,WLF,1987,13873
Wallis and Futuna,WLF,1988,13848
Wallis and Futuna,WLF,1989,13808
Wallis and Futuna,WLF,1990,13794
Western Sahara,ESH,1985,182419
Western Sahara,ESH,1986,188600
Western Sahara,ESH,1987,195439
Western Sahara,ESH,1988,202717
Western Sahara,ESH,1989,210071
Western Sahara,ESH,1990,217258
World,OWID_WRL,1990,5327529078
World,OWID_WRL,1985,4870921665
World,OWID_WRL,1986,4960567998
World,OWID_WRL,1987,5052521994
World,OWID_WRL,1988,5145425992
World,OWID_WRL,1989,5237441433
Yemen,YEM,1985,9572170
Yemen,YEM,1986,9941102
Yemen,YEM,1987,10322044
Yemen,YEM,1988,10730864
Yemen,YEM,1989,11189185
Yemen,YEM,1990,11709987
Zambia,ZMB,1990,8036849
Zambia,ZMB,1985,6923148
Zambia,ZMB,1986,7146965
Zambia,ZMB,1987,7372835
Zambia,ZMB,1988,7598270
Zambia,ZMB,1989,7820199
Zimbabwe,ZWE,1990,10432409
Zimbabwe,ZWE,1985,8877489
Zimbabwe,ZWE,1986,9200150
Zimbabwe,ZWE,1987,9527202
Zimbabwe,ZWE,1988,9849129
Zimbabwe,ZWE,1989,10153852
